<?xml version="1.0" encoding="UTF-8"?>
<project-private xmlns="http://www.netbeans.org/ns/project-private/1">
    <editor-bookmarks xmlns="http://www.netbeans.org/ns/editor-bookmarks/2" lastBookmarkId="0"/>
    <open-files xmlns="http://www.netbeans.org/ns/projectui-open-files/2">
        <group>
            <file>file:/E:/Java%20Project/Algorithm%20Project/src/algorithm/project/VeiwUser.java</file>
            <file>file:/E:/Java%20Project/Algorithm%20Project/src/algorithm/project/Purechases.java</file>
            <file>file:/E:/Java%20Project/Algorithm%20Project/src/algorithm/project/VeiwSupplyers.java</file>
            <file>file:/E:/Java%20Project/Algorithm%20Project/src/algorithm/project/Seles.java</file>
            <file>file:/E:/Java%20Project/Algorithm%20Project/src/algorithm/project/VeiwPurechase.java</file>
            <file>file:/E:/Java%20Project/Algorithm%20Project/src/algorithm/project/LoginPage.java</file>
            <file>file:/E:/Java%20Project/Algorithm%20Project/src/algorithm/project/DashBoard.java</file>
            <file>file:/E:/Java%20Project/Algorithm%20Project/src/algorithm/project/VeiwCoustomer.java</file>
            <file>file:/E:/Java%20Project/Algorithm%20Project/src/algorithm/project/VeiwSales.java</file>
        </group>
    </open-files>
</project-private>
